{"Epoch": 7, "Train Loss": 0.009122044779360294, "Val Loss": 0.008923852816224098, "Val PSNR": 47.19027495575193, "_runtime": 141, "_timestamp": 1619388805, "_step": 7}