{"Train Loss": 0.005072379019111395, "Val Loss": 0.02813127264380455, "Val PSNR": 35.70873415989179, "_runtime": 95, "_timestamp": 1619389252, "_step": 4}