{"Epoch": 17, "Train Loss": 0.004511414095759392, "Val Loss": 0.006090078968554735, "Val PSNR": 51.010942304224415, "_runtime": 304, "_timestamp": 1619389129, "_step": 17}