{"Epoch": 12, "Train Loss": 0.009437243454158306, "Val Loss": 0.009036779403686523, "Val PSNR": 47.06452428708101, "_runtime": 258, "_timestamp": 1619388612, "_step": 6}